<?xml version="1.0"?>
<info xmlns="http://nextcloud.org/ns">
    <id>talkwidget</id>
    <name>Talk Dashboard Widget</name>
    <summary>Dashboard widget for Talk messages</summary>
    <description>Shows recent Talk messages on your dashboard</description>
    <version>0.0.1</version>
    <licence>agpl</licence>
    <author>Yashk</author>
    <namespace>TalkWidget</namespace>
    <category>dashboard</category>
    <dependencies>
        <nextcloud min-version="30" max-version="31"/>
    </dependencies>
    <navigations/>
    <dashboard>
        <widget>OCA\TalkWidget\Dashboard\TalkWidget</widget>
    </dashboard>
    <scripts>
        <script>js/talkwidget.js</script>
    </scripts>
</info>
